name,place
Hideaki Inaba,28
Andrzej Stanaszek,24
Sergey Fedosienko,24
Ielja Strik,22
Hiroyuki Isagawa,21
Jarosław Olech,21
Hana Takáčová,20
Daiki Kodama,18
Priscilla Ribic,17
Alexey Sivokon,17
Daniel Gaudreau,16
Chiyomi Sawa,16
Eva Speth,15
Jackie Blasbery,15
Lamar Gant,15
Vuokko Viitasaari,15
Jennifer Thompson #1,14
Yukako Fukushima,14
Claude Sitruk,14
Bonica Brown,14
Shinjun Oshiro,13
Susan Elwyn,12
Nathalie Feraud,12
Marion Friedrich,12
Natalia Salnikova,12
Chen-Yeh Chao,12
Marina Kudinova,12
Tsung-Ting Hsieh,12
Raimo Sandelin,12
Svetlana Tesleva,12
Sue Hollands,12
Deborah Ferrell,11
Wei-Ling Chen,11
Konstantin Pavlov,11
Jan Wegiera,11
Dennis Cieri,11
Laura Styrlund,11
Eric Kupperstein,11
Yulia Medvedeva,11
Bill Helmich,11
Inna Filimonova #2,11
Regina Haas,11
Elena Yamskich,11
Hiraku Fushimi,11
Larysa Soloviova,11
Jarmo Virtanen,10
Brad Klinger,10
Daniel Austin,10
Gene Bell,10
Tomoko Sakamaki,10
Daniela Kolesnik,10
Sonja Stefanie Krüger,10
Eila Kumpuniemi,9
Justyna Kozdryk,9
Tamara Althaus,9
Inna Filimonova #1,9
Irina Lugovaya,9
Françoise Heligon,9
Rosemarie Beer,9
Tagy Parnian,9
Isabelle Iliev,9
David Ricks,9
Jenny Hunter,9
Kaori Nagaya-Shirakawa,8
Pierre Gallart,8
Karl Saliger,8
Bebe Burns,8
Mike Bridges,8
Jeannette Gevers,8
Nikolay Suslov,8
Kazimierz Michael Forys,8
Hidetoshi Marumoto,8
Olena Kozlova,8
Ulrike Herchenhein,8
Gundula Fiona Sommer von Bachhaus,8
Daisuke Midote,8
Gary Pamplin,8
Kevin Jäger #1,8
Alphonse Cucuzella,8
Kimberly Walford,8
Kenneth Sandvik,8
Christian Buchs,8
Raija Koskinen-Jurkko,8
Sergey Gladkikh,8
Roger Powell,8
Andrey Tarasenko,8
Larisa Kotkova,8
Lewis Noppers,8
Kirill Krut,8
György Lovasz,8
Truls Kristensen,8
Anna Ryzhkova,7
Larry Pacifico,7
Katariina Nokua,7
Dagmar Wang,7
Gail Moore,7
Leonid Lokhov,7
Li-Hua Lu,7
David Doan,7
Štefan Koľšovský,7
Michael Hara,7
Matilda Vilmar,7
Erlina Pecante,7
Ágnes Szabó,7
Steven Green,7
Hisayuki Nakayama,7
Natalya Rumyantseva,7
Kazuo Nakata,7
Carrie Boudreau,7
Vadym Dovhanyuk,7
Marta Sroczyk,7
Maxim Barkhatov,7
Sue Hallen,7
Helen Sauer,7
Donna Marts,7
Bjarne Synstad,7
Claudine Cognacq,7
Oksana Belova,7
Kirk Karwoski,7
Olga Gemaletdinova,7
Yulia Kurina,7
Alex Galant,7
Anna Olsson-Lynge,6
Ron Collins,6
Walter Thomas,6
Irina Krylova,6
Markus Schick,6
Ron Delaney,6
Eddie Berglund,6
Katsuji Kawabe,6
Mario Schnurr,6
Evelyne Herbin,6
Tatyana Fomina,6
Dariusz Wszoła,6
Ted Brown,6
Tatyana Eltsova,6
Dalton LaCoe,6
Galina Karpova,6
Olesya Lafina,6
Oleksiy Rokochyy Jr,6
Chia-Sui Lee,6
Toru Magome,6
Toshihiko Sato,6
Trish Muldrock,6
Cathy Millen,6
Magdolna Petróczki,6
Harriet Hall,6
Ursula Häuser,6
Hartati Sri,6
Ana Rosa Castellain,6
Brad Gillingham,6
Hatsuko Kimura,6
Valentina Nelyubova,6
Takeshi Kitagawa,6
Bev Francis,6
Hisako Yoshida,6
Bernd Vogel,6
Vicky Steenrod,6
Sisi Dolman,6
Sławomir Śledź,6
Antonio Taguibao,6
Suzanne Hartwig-Gary,6
Viljo Karvinen,6
Jill Arnow,6
Alexander Moiseev,6
Ravil Kazakov,6
Jaroslav Šoukal,6
Krzysztof Wierzbicki,6
Jean Maton,6
Susumu Otani,6
Regina Hackney,6
Jeff Becker,6
Susanna Törrönen,6
Jerry Marentette,6
Wade Hooper,5
Tetyana Shlopko,5
Tony Stevens,5
Ivan Freydun,5
Greg Page,5
Sandra Lönn,5
Merja Mynttinen,5
Dmytro Semenenko,5
Anna-Liisa Prinkkala,5
Bill Phillips,5
Chi-Ching Chen,5
Janos Fabri,5
Vladimir Volkov,5
Phil Richard,5
Aleksandr Gromov,5
Ian Bell,5
Annette Pedersen,5
Mykhaylo Bulanyy,5
Eva Buxbom,5
Ernie Parkes,5
Toni Hollis,5
Ron Garofalo,5
Kari Vilppola,5
Oleksiy Solovyov,5
Sam Felts,5
Motohisa Kojo,5
Larry Miller,5
Patrik Turesson,5
Joke van der Meulen,5
Sharon Hernstadt,5
Kohei Wada,5
Yuji Kato,5
Olivier Waymel,5
Sergii Bilyi,5
Akemi Masuyama,5
Patricia Maciejewski,5
Lyudmila Protchenko,5
Don Mills,5
Aira Knutars,5
Hisako Hayashi,5
Ayrat Zakiev,5
Toshihiko Noda,5
Svetlana Dedyulya,5
Andrey Konovalov #1,5
Marina Zhguleva,5
Mauri Lappalainen,5
Vladimir Grishaev,5
Keiji Sato,5
Oscar Soria,5
Sergey Mor,5
Mary Ryan-Jeffrey,5
Ray Williams #1,5
Stanislaw Mentel,5
Shigeki Yamamoto,5
James Henderson #1,5
Petr Theuser,5
Darimin Bin Sutrisno,5
Chun-Hsiung Hu,5
Mitsuru Osawa,5
Dave Jacoby,5
Natalya Payusova,5
Masako Okumura,5
Yuko Nagao,5
David Lupáč,5
Eberhard Schwanke,5
Martti Kilpeläinen,5
Will Morris,5
William Lincoln,5
Kurt Rooch,5
Vladimir Korolev,5
Jerzy Furmanek,5
Anthony Harris #1,5
Riitta Sundvall Liimatainen,5
Ed Coan,5
Mika Teramura,5
Konstantin Danilov,5
Arne Boe Kjell,4
Alexey Neveykov,4
Kader Baali,4
Viktor Testsov,4
Christer Nylund,4
Gerard McNamara #1,4
Ryuki Fujimoto,4
Niilo Maliniemi,4
Maria Koteles,4
Tom Kean,4
Arthur Mashinskiy,4
Viktor Furazhkin,4
Paula Houston,4
Tomoko Miyamoto,4
Artur Zalotov,4
Frank Gyland,4
Oleg Smirnov,4
Ruthi Shafer,4
Maxim Podtynnyy,4
Yoshiko Komi,4
Frank Beeler,4
Ellen Stein,4
Karin Engelbrecht,4
Göran Andersson,4
Cathleen Marksteiner,4
Valdis Alksnītis,4
Mauno Kontto,4
Alexander Kolbin,4
Jerry Engelbert,4
Ove Lehto,4
Suiaunoa Fa'amausili,4
Yulia Chistiakova,4
Michelle Fayant,4
Katsuji Okiura,4
Sune Bak,4
Göran Henrysson,4
Nanda Talambanua,4
Naoya Ikeda,4
Oleksiy Bychkov,4
Seija Turunen,4
Hans Ring,4
Hans Jørgen Jørgensen,4
Hanna Svahn,4
Hanna Rantala,4
Heidi Wittesch,4
Takeshi Shirakawa,4
Michelle Van Dusen,4
Valeria Shcheglova,4
Precious McKenzie,4
Horace Lane,4
Chiho Ito,4
Lynne Homan,4
Veli Kumpuniemi,4
Hiroyuki Ishiwatari,4
László Mészáros,4
LeeAnn Hewitt,4
Hiroko Arai,4
Bill Sindelar,4
Hildeborg Juvet Hugdal,4
Jonathan Leo,4
Stefan Sochaňski,4
Yekaterina Tanakova,4
Toshiaki Aita,4
Herman Nurse,4
Charles Okpoko,4
Yuri Khuazhev,4
Kjell Furesund,4
Dmitry Inzarkin,4
Reinhold Kases,4
Liliane Boulle,4
Eddy Pengelly,4
Edith Guennec,4
Kyösti Vilmi,4
Daria Efimtseva,4
Tetyana Skrypka,4
Eva Svjanteková,4
Noriko Tsuji,4
Lisa Sjöstrand,4
Irina Poletaeva,4
Anna Vozmilova,4
Natan Balogh,4
Don Reinhoudt,4
Alma Kimura,4
Damian Fronzaglia,4
Rhaea Stinn,4
Li-Min Lin,4
José Castillo,4
Erkki Rajala,4
Joy Nnamani,4
Norbert Mikula,4
Sylviane Bechar,4
Lidiya Chukhonastova,4
Aliaksandr Hrynkevich-Sudnik,4
Janice Francis,4
Akiyoshi Kawanaka,4
Mike Settles,4
Willi Müller,4
Liane Blyn,4
Volodymyr Ukhach,4
Daniele Taret,4
Alicia Webb,4
Wieslaw Kruk,4
Annie McElroy,4
James Cash,4
Marina Cornwall,4
Tatyana Kudryavtseva,4
Tatyana Puzanova,4
Tetiana Shchavinska,4
Lara Sturm,4
James Moir,4
Daniel Thurman,4
Joachim Lietzau,4
Taylor LaChapelle,4
Zoltán Kanát,4
Abdulkarim Karaman,4
Irina Bekhtereva,4
Maryse Malicot,4
Andrey Belyaev #1,4
Laddie Gibson,4
Frans van der Putten,4
Timothy Anderson,4
Anton Kraft,4
Kostiantyn Musiienko,4
Daria Lomatskaia,4
Vladimir Bondarenko,4
Eduard Tebenkov,4
Adina Hyková,4
Fredrik Smulter,4
Preston Turner,4
Johanna Aguinaga,4
Terumi Yogo,3
Tammy Walker,3
Jessika Lowe,3
Chen-Yen Huang,3
Guerrino Smeriglio,3
Lien-Ju Chang,3
Kjell Egil Bakkelund,3
John Kuc,3
Toshio Kitano,3
Adrien Poinson,3
Kazuo Fujii,3
Hal Hudson,3
John Corsello,3
Fred Jahnke,3
Ab Wolders,3
Alex-Edward Raus,3
Kjell Skybak,3
Yulia Zaugolova,3
Magnus Carlsson,3
Carmen Sjardijn,3
Elena Fomina,3
Kjell Kaspersen,3
Kira Pavlovskaya,3
Steve Walker,3
Fumie Mizuno,3
Dave Walters,3
Terry Dillard,3
Kimmo Ilmanen,3
Keisuke Takahashi,3
John Maxwell,3
Sue Roberts,3
Gregory Simmons,3
Dawid Grzegorczuk,3
Cheryl Jones,3
Liz Odendaal,3
Kendra Miller,3
Alan Ferguson,3
Sergey Knyazev,3
Sergey Usov,3
Christian Voisin,3
Kuan-Ting Chen,3
Kevin Jane,3
Christina Newman,3
Kenneth Mattsson,3
Clifford Tallman,3
Tom Nicholls,3
Lucien DeFaria,3
Lloyd Weinstein,3
Natalya Krikunova,3
Natalya Kuzmina #1,3
Yury Belkin,3
Kevin Hutchinson,3
Gennady Sayapin,3
Tom Collins,3
Lorraine Costanzo,3
George Herring,3
Gerald Dick,3
Stéphanie Bastien,3
Claude Couturier,3
Georgii Klimenko,3
Clara Kasbarian,3
Johnny Graham,3
Timea Závodszky,3
Joanne Schaefer,3
David Clark,3
John Neighbour,3
François Chazelle,3
Aigul Sitdikova,3
Elena Lutsenko,3
Oisha Aleksandrova,3
Tetyana Melnyk,3
Gabriel Gigout,3
Jens Aarhus,3
Gabriela Hirner,3
Daiva Zaroviene,3
Zhavlan Shaukatov,3
Nathalie Gransard,3
Thomas Arrington,3
Melissa Copeland,3
Greg Chrun,3
China Storks,3
Stephen Lehew,3
Deborah Patton,3
Natalie Hanson,3
Aleksandr Usynin,3
Sergey Chizhikov,3
Ganna Ganenko,3
Ganna Gonchar,3
Jim Klostergaard,3
Franco Giummarra,3
Curtis Wainwright,3
Thomas Wulffeld,3
Jim Lem,3
Tutta Kristine Hanssen,3
James Ray #1,3
Maj B Rames,3
Eva Engskar,3
Marit Pettersen,3
Mariusz Hadrysiak,3
Joseph Peña #1,3
Anna Oroszova,3
Ron Strong,3
Miranda Chambers,3
Irmeli Vaulakorpi,3
Eva Hohmann,3
Masatatsu Hondo,3
Joseph McAuliffe,3
Roman Ukraintsev,3
Volodymyr Rysiev,3
Anita Thimm,3
Milan Gombár,3
Anibal Manuel Coimbra Marques,3
Mark Robb,3
Masashi Fukuda,3
Markku Konsell,3
Vladimir Sholskiy,3
Alexey Vorobyev,3
Lars Norén,3
Alexey Romanov,3
Leslie Look,3
Vince Anello,3
Ruslan Balabanov,3
Ingeborg Marx,3
Inger Blikra,3
Mohamed Bouafia,3
Tamara Stienkova,3
Mariia Erokhina,3
Júlían J.K. Jóhannsson,3
Antero Kauranen,3
Antonín Šota,3
Miyabi Kikuchi,3
Mats Johansson,3
Mitsuo Kametani,3
Jari Tähtinen,3
Alexey Sorokin,3
Irina Abramova,3
Larry Negriff,3
Mikko Seikkula,3
Sylvester Anderson,3
Alina Davletshina,3
Yan Urusov,3
Egor Rezepov,3
Stan Chatis,3
Xeniya Khan,3
Jade Dickens,3
Mary Lupton,3
Juha Lehto,3
Anastasya Strufa,3
Svetl Miklasevich,3
Judith Oakes,3
Andy Kerr,3
Aly Keizer,3
Yasufumi Kimura,3
Eric Mauchosse,3
Egidijus Valčiukas,3
Yasuhiro Sotowa,3
Masahiko Kassai,3
Robert Cortes,3
Amandas Paulauskas,3
Andrea Sortwell,3
Wim Elyn,3
Juho Jaatinen,3
Andrew Rodney,3
Nina Eriksson,3
Yevgeniy Parshin,3
Andriy Naniev,3
Petri Triharyanto,3
Jan Wilczyński,3
Alla Korshunova,3
Doug Young,3
Doyle Kenady,3
Jan Roytvand,3
Nobuyuki Hamada,3
Rickey Dale Crain,3
Joy Burt,3
Svetlana Eremenko,3
Ivaylo Hristov,3
Mikhail Andryukhin,3
Peter Fiore,3
Peter Rumbler,3
Arthur Hirner,3
Mariet Spronk,3
Pavel Dolgov,3
Bill West #1,3
Klaus-Dieter Jacob,3
Jemali Nandoshvili,3
Fanney Hauksdóttir,3
Diann Nelson,3
Kumiko Nakazawa,3
Hideyuki Yano,3
Valery Glazunov,3
Yuji Takada,3
Mutsuo Yokoyama,3
Takashi Kanaya,3
Marie Tunroth,3
Kateryna Boroday,3
Hiroyuki Fujita,3
Matti Christensen,3
Hisao Hamayama,3
Holly Oxford,3
Helen White,3
Yuki Fukushima,3
Alexander Molin,3
Heidi Lewis,3
Tzu-Hui Lin,3
Hans Zerhoch,3
Alexa Schillinger,3
Alexander Diepold,3
Savelii Pavlov,3
Derek Pomana,3
Satoshi Ito,3
Brett Gibbs,3
Haruki Imaizumi,3
Brenda van der Meulen,3
Harumi Matsumoto,3
Malinda Baum,3
Haruya Okada,3
Jennifer Maile,3
Oleksandr Rubets,3
Horst Volke,3
Bill McFadyen,3
Viktor Furashkin,3
Dmitriy Chebanov,3
Motoki Murata,3
Yosuke Kiuchi,3
Maria Dubenskaya,3
Victoria Karlysheva,3
Monika Schnoltzer,3
Tadashi Tachibana,3
Sofia Loft,3
Oleksandr Chernyshov,3
Ryan Stills,3
Yoshiko Furukawa,3
Marie Laurence,3
Tadanobu Danyasu,3
Igor Medvedev,3
Ruth Welding,3
Larysa Vitsyevska,3
Birgit Witt,3
Ekaterina Purtova,3
Maria Bartosova,3
Mujir El Alami,3
Ekaterina Osipova,3
Finn Knudsen,2
Sirajoutin Bazaev,2
Koji Yoshino,2
Shuji Goto,2
Emiko Kiba,2
Komarudin,2
Kirill Tezichev,2
Stephanie Rattunde,2
Olaf Nimmerfroh,2
Kozue Nemoto,2
Kristina Popova,2
Oleksiy Vyshnytskyy,2
Eric Torres #1,2
Frank Heinrich,2
Evgeniy Khokhlov,2
Emily Gardner,2
Evgeniy Roenko,2
Ferry van der Meulen,2
Oleksandr Shepel,2
Oleksandr Lebediev,2
Ferenc Kovacs,2
Evgeniy Vasyukov,2
Evgeniy Dolgov,2
Konstantin Pozdeev,2
Oksana Pochinkina-Sokovnina,2
Sigve Valentinsen,2
Kiyoshi Matsuoka,2
Sonia Manaena,2
Fran Houston,2
Faith Ireland,2
Kloie Doublin,2
Sophia Waldemarson,2
Erbol Nauanov,2
Floyd Givens,2
Steinar Fredheim,2
Klim Ostrovskiy,2
Fanil Mukhamatyanov,2
Olena Dmytruk,2
Eno Majomi,2
Frank Pfraumer,2
Frank Schramm,2
Konrad Kwietniewski,2
Shigenari Suzuki,2
Francois Maritz,2
Oksana Butorina,2
Farkhad Kanalbekov,2
Shih-Hsien Ku,2
Eva Orenicová,2
George Hechter,2
Fred Dini,2
Rolf Stenberg,2
Rolf Hampel,2
Ivan Zwick,2
Roland Schubert,2
Jukka Saunamäki,2
Rodolfo Flores,2
Jack Taylor #1,2
Jack Tice,2
Jackie Pierce,2
Jackie Sandu,2
Juhani Y. Äijö,2
Robert Yamasaki,2
Robert Trujillo,2
Jacqueline Pepper,2
Jaelynn Clark,2
Robert Rodney,2
Jaisyn Mike,2
Robert Pleticha,2
Juha Hyttinen,2
Robert Keyes,2
Ivan Shlyakhta,2
Ivan Kuvaldin,2
Irina Atamanova,2
Pentti Rimpi,2
Irina Naskripnyak,2
János Cserna,2
Ron Vaughan,2
Irina Tatarova,2
Iris Kunkel,2
Irmgar Wohlhöfler,2
Iroda Abdirova,2
Iryna Karpova-Yavorska,2
Iryna Yavorska,2
Pei-Jung Lee,2
Junichi Isu,2
Istvan Arvai,2
István Tóth,2
Pekka Kihlström,2
Pentti Nikkanen,2
Julie Thomas,2
Roman Martynenko,2
Ivan Belousov,2
Ivan Chuprinko,2
Robert Grisham,2
Judith Reitmann,2
Juanita Trujillo,2
Robert Crawford,2
Jordan Dunn,2
Jesse Norris,2
Jessica Buettner,2
Ray Baxter-Vonna,2
Pirjo Kemppainen,2
Polina Kirillova,2
Pranee Pascoe,2
Ralph Young,2
John Wright,2
John Russel,2
Rait Sagor,2
John Paul Cauchi,2
Päiviö Säätelä,2
Joe Lusk,2
Rainer Falke,2
Johan Smith,2
John Mihaka,2
John Hibbert,2
Rachel Jones,2
Ray Fraser,2
Jennifer Millican,2
Pierre Gallard,2
Joseph Marksteiner,2
Rita Kistenmacher,2
Jozsefne Puxler,2
Joyce Aiazzi,2
Rick Gaugler,2
Richard Wenner,2
Janet Becerril,2
Janet Warne,2
Jani Rainela,2
Jari Niskanen,2
Jeffrey Jacobs,2
Jari Sjöman,2
Phil Farmer,2
Jayne Egan,2
Jean-Luc Collart,2
Jean-Paul Belmas,2
Regina Meier,2
Jeff Jacobs,2
Jeff Phillips #1,2
Jón Gunnarsson,2
Rouxchelle Roux,2
Fred Hatfield,2
Olga Volynskaia,2
Sergey Gordeev,2
Sergey Gauf,2
Glyn Moore,2
Goki Omuro,2
Sergey Bogdanov,2
Graham Mellor,2
Ken Yamakawa,2
Greg Warr,2
Greg Zangl,2
Olício dos Santos Filho,2
Grzegorz Nocek,2
Kelsey McCarthy,2
Serge Minquoy,2
Keita Saito,2
Gustav Hedlund,2
Seppo Flink,2
Gérard Oumailia,2
Günter Königer,2
Günter Wittkowski,2
Sergey Levin,2
Gerard Tromp,2
Ira Rosen,2
Gerald Ringi,2
Frida Leandersson,2
Friederike Pfeiffer,2
Friedrich Hölzl,2
Frédéric Buttigieg,2
Furkat Shamuratov,2
Kimberly Price,2
Shawn Cain,2
Gabi Holzmann,2
Gabor Kovacs,2
Gabriel García,2
Sharoni,2
Galina Potselueva,2
Kim-Won Pok,2
Sergiy Pevnev,2
Olga Golubeva,2
Kevin Mayer,2
Sergey Skochek,2
Michael Fritz,2
Sergey Selezen,2
Kazuo Kaneko,2
P. Hypen,2
Scott Roberts,2
Hans-Jürgen Ehrt,2
Sam Meadows,2
Sahra Zihms,2
S.V.S. Kamath,2
Iain Burgess,2
Paulina Mularczyk,2
Karel Ruso,2
Ichiro Ujiie,2
Igor Gagin,2
Igor Makovetskyi,2
Ilona Greiner,2
Kali Bogias,2
Ilya Kotenyov,2
Pavel Milovanov,2
Inger-Johanne Ruud,2
Pavlo Nakonechnyy,2
Rudiger Riehm,2
Pavol Demčák,2
Roy Holte,2
Júlia Kostúrová,2
Karol Koltonski,2
Karolina Arvidson,2
Samantha Viteri,2
Helen Wolsey,2
Satu Luoto,2
Harry van der Brandt,2
Haruo Matsuo,2
Heather Connor,2
Heidi Taubmann,2
Heikki Mähönen,2
Helen Allen,2
Sara Robertson,2
Elizaveta Nikitina,2
Sami Siltala,2
Helena Koponen,2
Pasi Sipiläinen,2
Pat Beaumaster,2
Pat Villeneuve,2
Hideharu Akagi,2
Hiroko Kikuiri,2
Kateryna Klymenko,2
Patrick Blard,2
Helena Heiniluoma,2
Talambanua Nanda,2
Charles Smith,2
Boucif Mokadem,2
Manfred Grossmann,2
Bodie LaCoe,2
Yevgen Yarymbash,2
Allen Lord,2
Allegra Hudson,2
Valentin Dedyulia,2
Boleslaw Maka,2
Boris Komissarov,2
Allan Eriksson,2
Masaru Kagawa,2
Nadege Dechamps,2
Vadim Zamornikov,2
Nadezhda Mir,2
Alisher Makhmudov,2
Alina Rassamakhina,2
Alina Polyanskaya,2
Yi-Chun Lin,2
Uschi Henes,2
Brian Donnelly,2
Yi-Ju Chou,2
Mani Khosravi,2
Valerij Kraus,2
Alice Francis-Freeman,2
Masami Otaki,2
Bethany Parker,2
Bettina Altizer,2
Elizabeth Arnold,2
Vasiliy Glinin,2
Bill Kazmaier,2
Vasilii Motovilnik,2
Yelena Sukhoruk,2
Marc LeBolay,2
Valery Vorotilin,2
Valery Kuznetsov,2
Yen-Ping Hsu,2
Marc Garcia,2
Marat Chirkov,2
Yelyzaveta Byruk,2
Björn Ahlberg,2
Björn Iversen,2
Valeriy Bystrov,2
Alvin Fritz,2
Masami Yoshida,2
Blaine Sumner,2
Brian Meek,2
Ursula Eulenstein,2
Luis Tapia,2
Yoshio Hirano,2
Natalia Gorbacheva,2
Cass Pickard,2
Matile Sitagata,2
Natalia Igosheva,2
Mihkel Laurits,2
Toshihiko Tada,2
Natalia Kashirina,2
Alexey Pankov,2
Charles McDonald,2
Yoshito Nishimura,2
Carmelo Virzi,2
Cheng-Lung Yang,2
Torsten Ruotsala,2
Alexey Gankov,2
Chia-Tung Chang,2
Yosuke Kikuchi,2
Tonny Harms,2
Tonia Strik,2
Chiu-Hua Hsieh,2
Alexey Bulichev,2
Carol Brady,2
Yoriko Yamazaki,2
Brian Siders,2
Ali Gascoine,2
Brianna Morrison,2
Masato Takehana,2
Britten Fernström,2
Makoto Yamaguchi,2
Makoto Otsubo,2
Ali Hamdan,2
Naoko Kobayashi,2
Bulat Samkaev,2
Burkhard Steffen,2
Tuula Saari,2
Carlie Walker,2
Tuomas Korkia-Aho,2
Tuomas Hautala,2
Caleb Williams,2
Calle Nilsson,2
Masayuki Takahashi,2
Carl Christoffersen,2
Carl Yngvar Christensen,2
Mikail Frolov,2
Tsubasa Moriki,2
Veijo Räsänen,2
Ventje Male,2
Marcel Varé,2
Mariia Panferova,2
Andrey Malanichev,2
Antoinette Kemper,2
Anton Krasilnikov,2
Mitsuhiro Ide,2
Mitsuhiro Uraki,2
Vladimir Agafonov,2
Antonio Fidilio,2
Mariia Starostina,2
Martine Laurent,2
Vitaliy Papazov,2
Marion Hammang,2
Andrew Rose,2
Vitaliy Kireev,2
Violett Keidel,2
Violeta Chebotar,2
Arne Rygh,2
Arnold Meisner,2
Mike Roy,2
Vinson Keyhea,2
Andreas Hjelmtveit,2
Mitsugu Hachisu,2
Mariska Casey,2
Yasushi Iida,2
Anna Birzhevaia,2
Andy Askow,2
Andy Rigby,2
Angel Liciaga,2
Andrius Gecas,2
Ann Kristin Olsen,2
Ann Leverett,2
Volodymyr Ivanenko,2
Wanda Sander,2
Anna Birgevaiya,2
Marta Szabo,2
Annelie Izindre,2
Andrieu Prospere,2
Marte Elverum,2
Vladislav Sheruntaev,2
Anna Komlaeva,2
Vladislav Morozov,2
Mariusz Hintzke,2
Anna Terentyeva,2
Anne Mari Clausen,2
Martin Tretyn,2
Arrigo Niccolini,2
Mike Hall,2
Wojciech Grabowski,2
Maria Brightwater-Wharf,2
Maria Gulidova,2
Maria Engrenius,2
Anastasiia Minaeva,2
María Guðsteinsdóttir,2
Victoria Fadgyas,2
Barbara Pawlik,2
Vichet Duong,2
Anastasia Yakovleva,2
Maria Burova,2
Barbara Zintsmaster,2
Arthur White,2
Beate Amdahl,2
Anastasia Petrova,2
Anastasia Pavlova,2
Beau Moore #1,2
Marek Markwat,2
Benjamin Rowe,2
Marcus Hirvonen,2
Veronika Kashina,2
Marcela Sandvik,2
Yan-Fei Zhao,2
Victoria Vargas,2
Monte Lofing,2
Ausby Alexander,2
Wojciech Magiera,2
Woody McCullough,2
Andre Gholson,2
Xeniya Okatenko,2
Viktoriya Olenytsya,2
Arvo Tölli,2
Mary Macken,2
Viktoriya Bedoidze,2
Ashley Kueffer,2
Marie France Cabos,2
Viktoria Shteinke,2
Askar Shokhanov,2
Anatolii Novopismennyi,2
Ya-Wen Chang,2
Anastassiya Guseva,2
Maria Petrunina,2
Anastasiya Zhurbina,2
Anastasiya Putilina,2
Viktor Naleykin,2
Chokichi Itoh,2
Andy Furnas,2
Ludwig Werner,2
Yuriy Zabolotnyy,2
Lauren Lent,2
Mayumi Kitamura,2
Talgat Tlenbaev,2
John Gamble,2
Takeshi Monoe,2
Takayuki Ito,2
Diane Zitoune,2
Laura Locatelli,2
Takashi Mori,2
Takashi Hazeyama,2
Yusuke Satake,2
Lasse Leinonen,2
Yusuke Suzuki,2
Nikolai Suslov,2
Taisto Paananen,2
Taisiya Kuznetsova,2
Dmitrii Zaitsev,2
Albert Buttigieg,2
Tadashi Mishima,2
Yury Gimgin,2
Yuriy Spinov,2
Nelson Boutte,2
Yuriy Povetkin,2
David Decouleur,2
David Gray,2
Tatiana Zubkova,2
Tatiana Taktamisheva,2
Michel Lefevre,2
Leonard McCormick,2
Nicolas Tóth,2
Leon Brown,2
Tatiana Gabidulina,2
Yuri Petrov,2
Dean Bowring,2
Maxim Lapshin,2
Deb Ferrel,2
Tarja Uppala,2
Tarja Rantanen,2
Tapani Laitala,2
Dennis Cornelius,2
Dennis Thios,2
LeAnn Ramirez,2
Yutaka Yamashita,2
Megan Ainsworth,2
Dmitriy Fedenko,2
Michael Tuchscherer,2
Åsa Halvarsson,2
Suzanne LaForge,2
LS McClain,2
Egor Savelyev,2
Éva Makrai,2
Ekaterina Alikina,2
Ekaterina Tsigankova,2
Ekaterina Volodko,2
Adlet Anuarov,2
Norberto Carrizo,2
Kullervo Lampela,2
Elena Kucherenko,2
Kuanyshbay Tulegenov,2
Sturla Davidsen,2
Elena Zhukova,2
Steven Davenport,2
Eli Burks,2
Aarre Käpylä,2
Elisabeth Wahlander,2
Sven Öling,2
Eduard Isakov,2
Michael Kuhns,2
Donna Aliminosa,2
Szymon Glowienke,2
Akzhol Alymbek Uulu,2
Dmytro Vovk,2
Szabolcs Onozo,2
Sylvie Mingot,2
Akinori Amakawa,2
Don Blue,2
Donald Bigham,2
Donna Bryant,2
Ed Riley #1,2
Svetlana Stepanova,2
Svetlana Sharifulina,2
Doris Illeditsch-Wanner,2
Akane Isoda,2
Akane Ishibashi,2
Nina Kondrashyova,2
Dylon Cook,2
Michael McCoy,2
Alena Zubova,2
Yuriy Kalashnik,2
Yu-Jui Cheng,2
Curtis Walker,2
Linda Schaefer,2
Chun-Chiu Yeh,2
Lucienne Daumas,2
Yulia Lukina,2
Mauro Di Pasquale,2
Alex Vero,2
Yuliya Stesenko,2
Yuji Miyazaki,2
Theo Strippel,2
Cydney Smith,2
Alexander Kulikov,2
Thomas Wetzstein,2
Cyril Pinguet,2
Thomas Högberg,2
Mick Ellender,2
Thomas Davis,2
Linda-Jo Belsito,2
Tiffany McKinney,2
Corentin Clement,2
Liszette Ortiz-Rosado,2
Louis Escolano,2
Claudia Narovnigg,2
Matti Silvander,2
Claudine Lacombe,2
Natalya Shapovalova,2
Timo Palonen,2
Timo Hokkanen,2
Alexander Klyushev,2
Alexander Grigoryev,2
Colin Bonneau,2
Colin Wright #1,2
Chun-Lin Wang,2
Alexander Eriksson,2
Alexander Yartsev,2
Dave Doan,2
Nazar Dyachuk,2
Clarence Fielder,2
Dan Hamblet,2
Levon Tavakalov,2
Danylo Kovalov,2
Tetyana Prymenchuk,2
Teale Adelmann,2
Taylor Atwood,2
Li-Ming Lin,2
Daniella Melo,2
Terry Lee,2
Alevtina Nikolaeva,2
Christian Delpieu,2
Daria Vakhrameeva,2
Daniel Sides,2
Alexei Vorobiev,2
Alexei Kulakov,2
Mickael Bernard,2
Lesya Guminska,2
Teruo Shiraida,2
Daniel Reybrouck,2
Daniel Miller,2
Daniel Grabowski,2
Alesha Summers,2
Neil Jones,2
Tetyana Akhmamyetyeva,2
Danis Amirov,2
Pia Kring,1
Pier Van Der Heuden,1
Phillip Richard,1
Mick Barry,1
Michio Yasue,1
R. Linares,1
Michael Ladner,1
Peter Kochetov,1
Midori Nakayama,1
Mikelina Belaineh,1
Mikha Vereschagin,1
Mikhaylo Fedorov,1
Phil Neyer,1
Mikhail Zhuravlev,1
Mikhail Puzanov,1
Mieczysław Pawlukiewicz,1
Per Berglund,1
Peter Barrett,1
Michael Kalter,1
Mikhail Buravov,1
Mikhail Dostovalov,1
R. Ramorini,1
Per Nilsson,1
Mikhail Grigoryev,1
Philippe Herzog,1
R. Steen,1
Mihaly Virag,1
Petri Kalliolevo,1
Petr Macák,1
R. DeLeon,1
Polina Pavlova,1
Precious Wilson,1
Michelle Cevallos,1
Mike Haffenbrack,1
Michail Andruchin,1
Michal Fiebig,1
Mike Ferrantelli,1
Michał Wilk,1
Mike Farrenteli,1
Phillip Rotar,1
Quamecca Stafford,1
Micheal Seay,1
Piotr Jablonski,1
Mike Ciupinski,1
Piotr Sadowski,1
Michelle Amsden,1
Mike Burns,1
Petra Held,1
Michel Ruffault,1
Petr Pugachev,1
Petr Posokhin,1
Petru Triharyanto,1
Peyshy Gian,1
Piet Faber,1
Peter Schwarz,1
Michelle Sora,1
Michael Nichols,1
Mike Siegler,1
Mikael Johansson,1
Mike Armstrong,1
Mike Mastrean,1
Petr Kochetov,1
Piet van Haaren,1
Michael Rodriguez,1
Michael Rodriquez,1
Michael Schmitt,1
Päivi Haapoja,1
Prokhor Poplygin,1
Phil Drenik Jr,1
Pieter De Waal #1,1
OD Wilson,1
Mykhailo Smilian,1
Mikio Mitani,1
Pekka Anttila,1
Natalya Samarina,1
Olga Sirgienko,1
Natalya Tokareva,1
Olga Kuzmina,1
Olga Kovalyova,1
Natalya Zotova-Payusova,1
Olga Emaletdinova,1
Olga Berseneva,1
Olga Adamovich,1
Olexey Pankov,1
Nate Foster,1
Nathalie Cornu,1
Olesia Rychkova,1
Olesia Nesterenko,1
Neil Mairs,1
Nelappan K,1
Nichola Rasmussen,1
Nicholas Cataldi,1
Nick Slater,1
Olga Stoianova,1
Olga Tikhomirova,1
Olga Tkachenko,1
Nataliia Ivankova,1
Oliweir Bryniarski,1
Natalia Melnikova,1
Natalia Polishuk,1
Natalia Savinykh,1
Natalia Tokareva,1
Natalie Janot,1
Natalie Luna,1
Natalie Richardson,1
Nataliia Yasenetska,1
Olga Ustinova,1
Oliver Dahlkvist,1
Nataliya Didyuk,1
Olha-Veronika Kurnat,1
Natallia Yakimuk,1
Natalya Barybina,1
Natalya Ivanova,1
Natalya Mazilova,1
Natalya Rumiantseva,1
Nicole Richou,1
Oleksiy Tarasenko,1
Nik Platoshechkin,1
Olav Hulbakviken Knut,1
Oleg Ryabinnikov,1
Nikolay Sokolov,1
Oleg Naleykin,1
Oleg Gagin,1
Olav Kompelien,1
Nils Ullrich,1
Noah Johnson,1
Noemi Kismates,1
Olav Farstad Svein,1
Nikolay Semenov,1
Nora Langdon,1
Nora Tibori,1
Norbert Schade,1
Oksana Ledeneva,1
Oksana Hronovych,1
Noriko Furuya,1
Nurlan Yeshmakhanov,1
Odd Arne Opstad,1
Nikolay Sharliev,1
Nikolay Demidov,1
Nikita Kabyldinov,1
Oleksandr Tytarenko,1
Nikita Lakeev,1
Nikita Leskovets,1
Nikita Vanshin,1
Niklas Yngvesson,1
Niko Iglesias,1
Niko Nurmi,1
Oleksiy Kryvoshey,1
Nikolai Bederin,1
Nikolai Marozov,1
Nikolay Bederin,1
Nikolai Slettnes,1
Oleksandr Liyvoy,1
Oleksandr Kutcher,1
Oleksandr Borysov,1
Oleksandr Borisov,1
Oleksandr Bashkatov,1
Oleksande Borysov,1
Nikolay Asabin,1
Omar Lomba,1
Natalia Krikunova,1
Onoso Szabolcz,1
Pavel Agarkov,1
Pavel Shupikov,1
Pavel Ozerov,1
Moises Villon,1
Molly Zunker,1
Pavel Malina,1
Pavel Korolev,1
Momoko Sugo,1
Pavel Chertkov,1
Paulina Szymanel,1
Mohammad Reiesi,1
Monet Bland,1
Monica Rasmussen,1
Monika Lovas,1
Monika Norberg,1
Paulina Lechowicz,1
Paulette Calhoun,1
Paulauskas Amandas,1
Monique Horsay,1
Pavla Kladivová,1
Moekse Grobelaar,1
Paul Woods,1
Miroslav Patro,1
Mikita Stsepaniuk,1
Miklos Molnar,1
Milcho Iankov,1
Peer Haensicke,1
Miller Edwards,1
Mimmi Öckerman,1
Min-Chu Hung,1
Minquarti,1
Peer Bjaaland,1
Pavol Slíž,1
Mitch Mitchell,1
Peep Päll,1
Paweł Pracownik,1
Mitchell Fountain,1
Pawel Sindrewicz,1
Pawel Krasowski,1
Pawel Hadas,1
Miyuki Sakurai,1
Paul Wrenn,1
Paul Jordan,1
Osamu Iijima,1
P.S. Prasun,1
Nadiya Petrovska,1
Naho Machida,1
Nallely Gutierrez,1
Nan Haynes,1
Paavo Hiltula,1
PJ Chovanec,1
Naoki Hasegawa,1
Naoki Ishimoto,1
P.O. Larsson,1
Nadezdha Uvachan,1
Oxana Sasko,1
Narine Arushanova,1
Oxana Ilutschenko,1
Owen Hubbard,1
Nat Washington,1
Natalia Fomina,1
Natalia I,1
Natalia Ivanova,1
Nadezhda Sindikas,1
Pal Janosne,1
Paul Fletcher,1
Mykola Mekh,1
Patryk Rode,1
Patrick Spillane,1
Patrick Loesel,1
Patrick Hartwick,1
Patrick Campus,1
Mutuo Yokoyama,1
Mykola Chikanyov,1
Patricia Llena,1
Patricia Kroken,1
Nadezda Chernishova,1
Myrtle Augee,1
Patricia Boord,1
Pat Ling,1
Pat Dennis,1
N. Norville,1
Pam Matthews,1
Nadejda Malugina,1
Nadejda Uvachan,1
R.B. Jagtap,1
A Ernandos-Ortega,1
R.K. Surati,1
Torsten Pecht,1
Toshihiko Satoh,1
Toshio Fujita,1
Tove Eriksen,1
Tristan Pelitire,1
Tristyn Hutchins,1
Troy Gibson,1
Tsan-Hue Karlsson,1
Tsegmed Byambaa,1
Tsuko Watanabe,1
Tsuyoshi Otani,1
Tui Katene,1
Tyler Coleman,1
Tyler Whipple,1
Ujiie Ichiro,1
Uladzislau Papelski,1
Toshihi Kinoshita,1
Tormod Andersen,1
T. Koikc,1
Torfi Ólafsson,1
Tomi Kuusisto,1
Tomi Vikla,1
Tomo Barkovic,1
Tomoe Nishikawa,1
Tomohisa Murano,1
Tomoyoshi Shiiki,1
Tomoyuki Yamamori,1
Tomáš Šárik,1
Ton Teelen,1
Tone Glomstein,1
Toni Cox,1
Tony Bishop,1
Tony Caprari,1
Tony Cardella,1
Tony Cliffe,1
Ulan Anuar,1
Ulrika Johansson,1
Umar Abdullah,1
Ursula Forys,1
Valida Iskandarova,1
Vasiliy Dementyev,1
Vasily Mazhuta,1
Vasyl' Gusak,1
Vera Khalyavina,1
Veronica Garcia,1
Veronika Chashchukhina,1
Veronika Oglezneva,1
Vesa Latoniemi,1
Viachaslav Fomich,1
Viaches Bogomolov,1
Viacheslav Asanov,1
Viacheslav Petrov,1
Vialeta Kudrevich,1
Vicky Gagne,1
Valery Parymon,1
Valeriya Yaragina,1
Valeriy Zverev,1
Vadyn Dovganyuk,1
Uuganbayar Damdin,1
Uwe Haase,1
Uwe Liedtke,1
V. Vaananen,1
Vadim Plakhotnikov,1
Vadim Tsvetkov,1
Valentina Neliubova,1
Valeriy Karpov,1
Valentina Vermenyuk,1
Valeria Scheglova,1
Valeria Sheglova,1
Valeria Timoshchuk,1
Valeriia Vlasova,1
Valeriy Bogdanov,1
Tomasz Zambrzycki,1
Tomas Sundström,1
Tomas Mosnicka,1
Tavita Lipine,1
Tapani Orha,1
Tapani Puhakka,1
Tatian Danilevich,1
Tatiana Didenko,1
Tatiana Fomina,1
Tatiana Ivanova,1
Tatiana Nabatchikova,1
Tatiana Puchkova,1
Tatiana Puzanova,1
Tatiana Smolekho,1
Tatsiana Damashyna,1
Tatsufumi Nakao,1
Tatsumi Ishizaki,1
Taty Kudryavtseva,1
Tatyana Koroleva,1
Tania Spak,1
Tamotsu Ishikawa,1
Tammy Lauer,1
Takashi Ono,1
T.H. Seng,1
Tadas Gecas,1
Taiichi Horibata,1
Taisiya Dyachenko,1
Taito Haara,1
Takahiro Takimoto,1
Takashi Sakuda,1
Tammy Dianda,1
Takatoshi Ishii,1
Tama Pfeinfenroth,1
Tamara Podpalnaya,1
Tamara Stenkova,1
Tamiris Sovetova,1
Tammy Cutrona,1
Tatyana Zubkova,1
Teijo Hytönen,1
Tom Magee,1
Teotia Pulkit,1
Tim Taylor #1,1
Tim Toner,1
Timea Zavodszki,1
Timo Heiskanen,1
Timur Chekin,1
Timur Kassenov,1
Tina Carder,1
Tina Robinson,1
Tina Van Duyn-Woodly,1
Tirso Espinoza,1
Tito Bastianelli Sr,1
Tom Campbell,1
Tom Dillon,1
Tom Gennaro,1
Tom Henderson,1
Tiiu Kimber,1
Tiina Salo,1
Tibor Mészáros,1
Terue Segawa,1
Terje Brovold,1
Tero Seppänen,1
Terry Byland-Rohal,1
Terry Dongerfield,1
Terry McCormick,1
Terry Young,1
Tetsuo Moriyama,1
Tiarne Augustine,1
Thad Benefield,1
Thierry Meurisse,1
Thio Seng,1
Thomas Cencich,1
Thomas L.P.M,1
Thorsten Hinz,1
Vicky Taylor-Hood,1
Victoria Jeppsson,1
Victoria Liang,1
Yu-Chun Kuo,1
Yi.Yu Chou,1
Yo Tamura,1
Yoichi Kishimoto,1
Yoichiro Murota,1
Yoko Matsuura,1
Yokoyama Mutsuo,1
Yonela Mbembe,1
Yoriko Yamasaki,1
Yoshie Takizawa,1
Yoshiharu Sakurai,1
Yoshihiro Furuyama,1
Yoshihiro Sato,1
Yosuke Horiguchi,1
Yrjö Haatanen,1
Yu Nomura,1
Yi-Chun Chen,1
Yevgeniy Galuzinskiy,1
Yerlan Smagulov,1
Yana Pokazanyeva,1
William Veilleux,1
Winston Stoby,1
Ya-Chin Huang,1
Ya-Ling Chen,1
Ya-Yun Weng,1
Yana Petrenko,1
Yana Zadorina,1
Yen-Hung Lin,1
Yashuhiro Satowa,1
Yasuhiko Tsuji,1
Yasushi Ogasawara,1
Yasuto Hotomi,1
Yekaterina Rashidova,1
Yelyzaveta Ban,1
Yu-Cheng Wang,1
Yuji Katoh,1
William Rice,1
Yuji Watanabe,1
Yuriz Zabolotny,1
Yury Pellya,1
Yvelise Martin,1
Yves Garcia,1
Yvonne v. Stoep,1
Zakaria Mouffok,1
Zhadyra Kabieva,1
Zhainat Kalzhanov,1
Zhanna Ivanova,1
Zoltan Feher,1
Zoltan Seres,1
Zulfiya Zholmurzina,1
Zuzanna Kula,1
Øyvind Bjørnsen,1
Þórunn Brynja Jónasdóttir,1
Yuriy Petrov,1
Yuriy Papoyan,1
Yuriy Kolesnykov,1
Yulia Goman,1
Yujii Katoh,1
Yukari Yamakami,1
Yuki Nagoshi,1
Yuki Ozeki,1
Yuko Suzuki,1
Yul Chepushtanova,1
Yulia Taranova,1
Yuriy Fedorenko,1
Yuliya Zhylskaya,1
Yumiko Ito,1
Yung-Chang Lee,1
Yuri Kalashnik,1
Yuri Kalashnyk,1
Yuriy Chelobitchikov,1
William Tau,1
William Burr,1
Viktor Ben Gestsson,1
Vladimir Maksimov,1
Vitaliy Kursenov,1
Vitaliy Morozevich,1
Vitaliy Poberezhny,1
Vitaliy Ponomarenko,1
Viviana Flores,1
Viviane Marguerite,1
Vivien Kovacs,1
Vladi Krupennikov,1
Vladi Timirgaliev,1
Vladimir Balynets,1
Vladimir Buben,1
Vladimir Golubev,1
Vladimir Ignatenkov,1
Vladimir Ivanenko,1
Vladimir Kotkov,1
Vitaliy Borisov,1
Vitali Parymon,1
Virginie Philippe,1
Viktoria Karlisheva,1
Viktor Ergin,1
Viktor Hladkyi,1
Viktor Holinei,1
Viktor Karpik,1
Viktor Samúelsson,1
Viktor Yurchenko,1
Viktoria Pallos,1
Vincent Patty,1
Viktoria Yultsova,1
Viktorija Rumjanceva,1
Viktoriya Kolesnikova,1
Viktoriya Shcherban,1
Viktoryia Makarevich,1
Vilma Olsson,1
Vladimir Larionov,1
Vladimir Muravlyov,1
Wilhel Grobbelaar,1
Vladimir Shishkin,1
W Boegedahl Kamilla,1
W. Burr,1
Walter Hinterberger,1
Walter Kaiser,1
Walther Schmidt,1
Wayne Buck,1
Wei Huang Shin,1
Wei-Jou Chen,1
Weitz Steyn,1
Wen Chang Ya,1
Wendy Chan,1
Werner Friedl,1
Werner Richter,1
Wesley Kipp,1
Widari Widari,1
Véronique Descours,1
Vyacheslav Tsoy,1
Vyacheslav Piskunov,1
Vladislav Tereshchenko,1
Vladimirs Kovalskis,1
Vladislav Berezin,1
Vladislav Chornyi,1
Vladislav Chvalov,1
Vladislav Repin,1
Vladislav Shaibekov,1
Vladislav Vasek,1
Vyacheslav Martsev,1
Volha Yermalitskaya,1
Volodymy Ivanenko,1
Volodymyr Svistunov,1
Volodymyr Tsaturian,1
Vsevolod Babenko,1
Vyachesl Aksyonov,1
T. Koike,1
T. Eriksen,1
Rabah Bouchakour Ali,1
Rostyslav Kinishchuk,1
Roxan Luckock,1
Roy Berndt,1
Roy Tilson,1
Ruben Snyman,1
Rudi Kollmann,1
Rudolf Attelmann,1
Rupert Mörth,1
Rusla Nigmatullin,1
Ruslan Pavlikov,1
Ruslan Ruzimuradov,1
Ruslan Vostrikov,1
Ruslana Krasnova,1
Russel Bower,1
Russel Orhii,1
Rustam Nuriev,1
Roswit Pittermann,1
Rosemarie Vasquez,1
Szabolcz Balasz,1
Ronel Reyneke,1
Roland Martins,1
Roman Bakhshiev,1
Roman Churbakov,1
Roman Dzyuba,1
Roman Sayfutdinov,1
Roman Shabanov,1
Roman Shepelev,1
Roman Simahin,1
Roman Simakhin,1
Roman Szymkowiak,1
Roman Voroshylin,1
Ron Delany,1
Ron Tullis,1
Ronald Beuch,1
Rondel Hunte,1
Rustam Yulchiev,1
Rusty Burris,1
Ruta Lendraitiene,1
Ryan Carrillo #1,1
Sami Nieminen,1
Sami Pullinen,1
Samuel Kelly,1
Samuli Kivi,1
Samuli Kokkarinen,1
Samy Arling,1
Sandeep Sawant,1
Sandra Kasabuske,1
Sandra Nase,1
Sandra Simmons,1
Sandro Rossi,1
Sanet Momberg,1
Saniya Omarkhanova,1
Sara Cowan,1
Sara Del Duca,1
Sami Kerola,1
Samantha Salemno,1
Samantha Heimer,1
Sachiko Ogata,1
Rémi Fortier,1
Rémy Krayzel,1
Rósa Birgisdóttir,1
Rüdiger Hopp,1
S. Platis,1
Sabra Warren,1
Sadako Yamanoi,1
Samantha Fretwell,1
Sahroni,1
Salla Koskinen,1
Salman Khan,1
Sam Alduenda,1
Sam Alduendo,1
Samantha Eugenie,1
Roger Ingedal,1
Roger Eriksen,1
Roger Enqvist,1
Rebekah Lair,1
Ralph Sofferdine,1
Ramadan Shebek Omar Mohamed,1
Raman Puratchi,1
Rames.K. Surati,1
Ramesh Surati,1
Ramilya Sirochetdinova,1
Randal Harris,1
Randall Rea,1
Randy Smith,1
Raul Randmäe,1
Ray Benemerito,1
Ray Bowring,1
Ray Grilly,1
Raymond Guyon,1
Rebecca Heath,1
Ralph Farquharson,1
Ralph Caputo,1
Ralph Brown,1
Raija Toivo,1
Rachel Mathias,1
Rada Dmitrieva,1
Radoslaw Debicki,1
Rae Marion Lene,1
Rafael Romashkin,1
Rafal Ziemiakowski,1
Raimo Aulis Sipiläinen,1
Ralf Gierz,1
Raimo Kaattari,1
Rainer Geese,1
Rainer Griebl,1
Rainer Schötz,1
Rainer Thomas,1
Rajko Zlatkovic,1
Rebecca Waibler,1
Red Sandoval,1
Rodney Allman,1
Regine Hunsinger,1
Rita Carlsson,1
Robert Babbitt,1
Robert Curruthers,1
Robert DeCourt,1
Robert Ericsson,1
Robert Eriksson,1
Robert Kretzschmar,1
Robert Mihailov,1
Robert O. Smith,1
Robert Rood,1
Robert Smith,1
Roberto Saenz,1
Robin Bermudez,1
Robin Johnson,1
Robin Ray,1
Rita Bass,1
Rika Miura,1
Rie Teruya,1
Renzo Santelices,1
Reijo Kiviranta,1
Reiko Igawa,1
Reinhard Herrmann,1
Reinhard Melzig,1
Renate Limmer,1
Renato Dio,1
Rex McLaren,1
Rickeyma Ross,1
Reynaldo Pascal-Casas,1
Reza Jahangir Mohammad,1
Rhonda Clark,1
Richard Nowazek,1
Richard Wilcox,1
Rick Anderson,1
Sara Del Luca,1
Sara Naldi,1
Sarah Davis,1
Stephanie Seebruck,1
Soley Jonsdottir,1
Sonia Chesher,1
Sonja McKinlay,1
Sonny Alexander,1
Sophia Veiras,1
Sorin Cazacu,1
Souleiman Turki,1
Spencer Leatherberry,1
Stacie Pomrening,1
Stanislav Arbitman,1
Stanislav Gavrilkevich,1
Stanyslav Gavrilkevych,1
Stefan Jamroz,1
Stefan Koziol,1
Stefan Nentis,1
Solana Lewis,1
Sofya Shtykova,1
Sofie Josefsson,1
Silvia Stütz,1
Shuhei Yamane,1
Shyngys Yelzhanov,1
Siim Rast,1
Silvaine Iskin,1
Silvana Bollmann,1
Silvia Kapstad,1
Silviane Bechar,1
Sofiane Belkesir,1
Sirajoudin Bazaev,1
Sirazhutdin Bazaev,1
Skip Regan,1
Skuli Stormdahlshei,1
Socorro Perez,1
Sodnompiljee Enkhbayar,1
Stephanie Carrillo-Chavez,1
Steve Alexander,1
Shota Nishimura,1
Steve Cumming,1
Svetla Tolmacheva,1
Svetlana Bochko,1
Svetlana Botchko,1
Svetlana Koroleva,1
Svetlana Lysenko,1
Svetlana Makarova,1
Svetlana Miklashevich,1
Svetlana Nikolaenko,1
Svetlana Ogorodnikova,1
Svetlana Savina,1
Sylvia Szarvas,1
Sylvia Wunderlich,1
Sylvie Iskin,1
Syoichi Katase,1
Syoko Sakurai,1
Svavar Örn Sigurðsson,1
Svanhild Brekke,1
Suzanne Goulder,1
Sue Albert,1
Steve Lumpee #1,1
Steve Mann,1
Steve Petrencak,1
Steven Gassert,1
Steven McLawchlin,1
Stina Åkemalm,1
Sugal Kushal,1
Susanne Formgren,1
Sulevi Eriksson,1
Sulo Luiro,1
Sultan Bexeiit,1
Susan King,1
Susanna Tjernell-Formgren,1
Susanne Diter,1
Shu-Chen Hsu,1
Shota Bejashvili,1
Sari Noviana,1
Sergey Pustovalov,1
Serge Sorci,1
Sergei Vaigant,1
Sergei Vasilyev,1
Sergei Volkov,1
Sergei Volodin,1
Sergeiy Romanenko,1
Sergejs Timofejevs,1
Sergey Baranov,1
Sergey Karnaukhov,1
Sergey Kolmakov,1
Sergey Logutav,1
Sergey Makrushyn,1
Sergey Mashintsov,1
Sergey Nikeshin,1
Sergey Novikov,1
Serge Minquoi,1
Ser Klimashewskiy,1
Seppo Komppa,1
Sean Manders,1
Satu Sakko,1
Savannah May,1
Sawa Chiyomi,1
Scott Palmer,1
Scott Smith,1
Sean Culnan,1
Sean Moser,1
Seppo Joensuu,1
Sebrina Davis,1
Seiichi Mashimo,1
Seiji Takatori,1
Seiko Omori,1
Seizo Nakahara,1
Semen Dukshanin,1
Sergey Orban,1
Sergey Savinykh,1
Shoko Tanaka,1
Sergey Shcherbakov,1
Shelby Miles,1
Sheridan Wray,1
Sheryl Condon,1
Shigemi Ueda,1
Shigetoshi Asama,1
Shih-Wu Lu,1
Shin-Wu Lu,1
Shinichi Iitsuka,1
Shinichi Tokuda,1
Shinichi Yoshidome,1
Shinji Ueda,1
Shinnosuke Tomita,1
Shinobu Amatsuji,1
Shirley Cole,1
Shirley Webb,1
Shelby Corson,1
Shelby Barry,1
Sheila Mayes,1
Sergii Kovalenko,1
Sergey Shepitsyn,1
Sergey Sidenko,1
Sergey Sosnovskiy,1
Sergey Stupakov,1
Sergey Zhuravlev,1
Sergii Antoniuk,1
Sergiy Nalkeykin,1
Shawn O'Halloran,1
Sergiy Vatyuk,1
Sergy Shadyun,1
Seruey Skochek,1
Shari Khawaja,1
Sharif Kurayev,1
Sharma Randeep,1
Michael Hansper,1
Kitty Burroughs,1
Michael Brügger,1
Dion Thomas,1
Daria Rusanenko,1
Dariia Brazhnyk,1
Dariusz Wdowinski,1
Darren Matsumoto,1
Darshan Gill,1
Darya Emelkina,1
Daryl Johnson,1
Dave Caldwell,1
Dave Gibson,1
Dave Hancock,1
Dave Pasanella,1
David Bracken,1
David Carter #1,1
David Cummerow,1
David Gonzales,1
David Hancock,1
David Kulcsar,1
Daria Lazebna,1
Daria Kalinka,1
Daria Grebenkova,1
Daniel Saber,1
Damon Langeveldt,1
Dan Martin,1
Dan Oppenheim,1
Dan Wagman,1
Dani Savoie,1
Daniel Gonzalez,1
Daniel Misencik,1
Daniel Sherman,1
Daniyar Shaukatov,1
Daniel Williams,1
Daniele Boulnois-Taret,1
Daniele Pauli,1
Daniella Imre,1
Danielle Ellington,1
Daniil Ermolaev,1
Danila Dolgulev,1
David Sneen,1
David Tyler,1
David Wolf,1
Diana Vedyushkina,1
Derek Smith,1
Desiree Marin,1
Detlef Heinrich,1
Devan Doan,1
Diana Malykhina,1
Diana Panarina,1
Diana Rowell,1
Diane Frantz,1
Derek Ito,1
Didier Compain,1
Diell Zejnullahu,1
Dieter Grimm,1
Dilyara Karimova,1
Dimitriy Li,1
Dina Fursova,1
Dina Klimenkova,1
Derek Ng,1
Denys Antoshko,1
Davranbek Turakhanov,1
Debra Duffy-Smet,1
Dawid Natorski,1
Dawid Zaniewski,1
Dean Davis,1
Deanna Chaney,1
Deanna Channey,1
Debbie Turner,1
Deborah Turner,1
Debra Ustar,1
Denny Thios,1
Declan Dilley,1
Denis Knyazev,1
Denis Rytikov,1
Denis Varyukhin,1
Denise Johnson,1
Dennis Unitt,1
Dennis Wright #1,1
Damir Trokic,1
Damarrio Holloway,1
Dale McLaren,1
Chiu-Kuei Kuo,1
Chihiro Iwaki,1
Chikara Takada,1
Chimedtseren Bataa,1
Ching-Fang Chang,1
Ching-Lung Lin,1
Chinob Mizoguschi,1
Chiomy Sawa,1
Chizuko Hoshita,1
Chien-Chung Chou,1
Chris Gladding,1
Chris Walter,1
Christa Obermayer,1
Christelle Maniez,1
Christer B. Larsen,1
Christer Trygg,1
Christian Klein,1
Chien-Hung Hsieh,1
Chieko Kudo,1
Christine Lesellier,1
Charles Dickson,1
Cathleen Mele,1
Cathy Solan,1
Cathy Van Dyke,1
Catrin Resch,1
Celine Grillet,1
Cenk Kocak,1
Charles Archdekin,1
Charles Lockard,1
Chido Nnoli,1
Charles Turco,1
Charlotte Esbjørn,1
Cherry Wilson,1
Cherry Yeung,1
Chi-Sen Tien,1
Chia-Hui Tsai,1
Chia-Yu Lee,1
Christiane Hazzard,1
Christine Wender,1
Dainis Reinholds,1
Csaba Szavai,1
Connor Borkert,1
Conny Blomgren,1
Conny Nilsson,1
Conradie Mouton,1
Cordarius Harris,1
Craig Williams,1
Cruz Rodríguez,1
Cursti Cope,1
Cody Kennedy,1
Cursti Turner-Cope,1
Cynthia Goodrich,1
D. Grossenbacher,1
D. Santyamurty,1
D. Swain,1
Dagnar Wang,1
Daigoro Kitagawa,1
Connie Eisenbraun,1
Clive Henry,1
Christo Christov,1
Cindy Tilton,1
Christoffer Öberg,1
Chrystal Williams,1
Chu Hung Min,1
Chuan-Chin Lin,1
Chuck Dunbar,1
Chun-Ju Chen,1
Cindy Goodrich,1
Cipriana Castellano,1
Clifton Pho,1
Claire McKenzie,1
Clara Peyraud,1
Claude Welcome,1
Claudia Wernig,1
Claudio Ardini,1
Claudir Lopes,1
Clifford Haynes,1
Dinara Zinikova,1
Dmiriy Saltykov,1
Gary Cullen,1
Dmitiy Vorona,1
Evgeniy Karimov,1
Evgeniya Arkhypenko,1
Evgeny Berun,1
Evgeny Khokhlov,1
Evgeny Timofeev,1
Evgueniy Matasov,1
Evgueny Bychaev,1
Evie Corrigan,1
Ewald Enzinger,1
Ewan Belgrove,1
F. Buttigieg,1
F. Perry,1
Fabio Ambrosin,1
Fabrice Bertin,1
Faisal Alzaabi,1
Fang-Lien Lee,1
Fanil Mukhamatiov,1
Evgenii Roenko,1
Evgenia Kolodko,1
Evelin Eisensehr,1
Eriko Himeno,1
Enrique Hernandez,1
Enrique Lugo,1
Eric Coppin,1
Erik Degerman,1
Erik Fredriksen,1
Erik Ruble,1
Erik Willis,1
Erin Dickey,1
Eva Bánovská,1
Erle Engmark,1
Ernie Frantz,1
Ernie Hackett,1
Esko Ketola,1
Eugeniusz Mehlich,1
Eugeny Buhtoyarov,1
Eugeny Kuzmin,1
Fanny Lamminen,1
Febrose Tsiode,1
Fedir Lemak,1
G. Rasjaradjesvari,1
Freddie Higgins,1
Frederic Couvreur,1
Frida Henell,1
Frida Wik,1
Friedhelm Fuhr,1
Fritz Jirausek,1
Friðbjörn Bragi Hlynsson,1
G. Williamson,1
Françoise Calves,1
Gail Mulhall,1
Gale Williams,1
Ganbold Byambaa,1
Ganna Kadatska,1
Ganna Kravchenko,1
Ganna Lytvyn,1
Ganna Zhelyuk,1
Fred Archambault,1
Franz Mracek,1
Felicia Greenidge,1
Florian Bottinger,1
Felicia Johnson-Almy,1
Felicjan Goyke,1
Felipe Hernandez #1,1
Femmy Ayegun,1
Filip Nareskog Lajic,1
Floid Lyon,1
Florent Lenglet,1
Fran Huston,1
Franqoise Peron,1
France Baron Marie,1
Francis Ferriols,1
Francis Rousseau,1
Frank Dove,1
Frank Jørgensen,1
Frank Panaro,1
Frank Zou,1
Emma Pettersson,1
Emily Liebert,1
Emily Ho,1
Doug Dienelt,1
Donna Steel,1
Donna Steele,1
Donnie Haddock Sr,1
Doreen Dowsett,1
Doris Schumacher,1
Dorthea Espevik Anna,1
Doug Currence,1
Drew Beil,1
Donna Covington,1
Drew Traub,1
Dusty Caldwell,1
Dušan Skirkanič,1
E. Worn,1
Easton Schuster,1
Edina Somogyi,1
Edina Ulveczki,1
Donna Malone-Wicker,1
Donna Berglund,1
Edvin Forslund,1
Dmitriy Vorona,1
Dmitrii Lagutin,1
Dmitriy Alekseev,1
Dmitriy Dvornikov,1
Dmitriy Kabyldinov,1
Dmitriy Korolev,1
Dmitriy Lihanov,1
Dmitriy Panin,1
Dmitriy Zinovyev,1
Dominik Golak,1
Dmitry Devyatkin,1
Dmitry Petrov,1
Dmytro Solovyov,1
Dominic Cadden,1
Dominic Favre,1
Dominic Sirianni,1
Dominick Castellano,1
Edvard Jensen Jan,1
Edward Arismendi,1
Emil Norling,1
Elisabeth Barry,1
Elena Shadrina,1
Elena Sukhoruk,1
Elena Vorobeva,1
Elena Vorobyeva,1
Elena Yurik,1
Eleonora Makhpirova,1
Elfranco Holder,1
Elisabeth Singer,1
Elena Ovcharova,1
Elizabeth Neitch,1
Ellissa Hull,1
Ellynne Dickson,1
Elvira Kosareva,1
Emelie Elvegård,1
Emil Alin,1
Emil Johansson,1
Elena Petrunina,1
Elena Ivanova,1
Edward Gillie,1
Eitaro Yoshizawa,1
Edward Grinkervich,1
Edward Ravenscroft,1
Efim Naniev,1
Egil Engebretsen,1
Eiji Yamamoto,1
Eileen Todaro,1
Einar Örn Guðnason,1
Ekaterina Ageeva,1
Elena Ignatenkova,1
Ekaterina Bratus,1
Ekaterina Kotova,1
Ekaterina Zhilcova,1
Eldar Iristaev,1
Elena Avilkina,1
Elena Borisova,1
Elena Bukina,1
Catherine Wass,1
Carola Garra,1
Carol Anthony,1
Carmen Genermont,1
Amanda Canellas,1
Amanda Lawrence,1
Amanda Moe,1
Amber Heard,1
Amiran Basov,1
Amélie Picher-Plante,1
An Cheremushnikov,1
Anasta Sukhacheva,1
Anastasia Lysenko,1
Anastasia Moseeva,1
Anastasiia Antoniuk,1
Anastasiia Filatova,1
Anastasiya Chervyakova,1
Anastasiya Derevyanko,1
Anastasiya Galanova,1
Anastasiya Kolisnikova,1
Anastsi Yakovleva,1
Alyssa Hitchcock,1
Alxey Vorobyev,1
Alvi Eriksson,1
Alice Zheng,1
Alexey Tsapa,1
Alexey Vlasov,1
Alexey Vorobjov,1
Alexsande Veselov,1
Ali Al Khatib,1
Ali Ben Hadj,1
Aliaksei Ryzhko,1
Alie v.d. Keulen,1
Altangerel Bujinlkham,1
Alimbek Rakhimov,1
Alina Nikolaenko,1
Alina Rassamahina,1
Alina Sarycheva,1
Aliya Tolegenova,1
Allen Ottolangui,1
Allison Hind,1
Anatolijs Kuzmins,1
Anatoly Merzlyakov,1
Anders Henriksson,1
Andriy Hurnakov,1
Andrey Sergeev,1
Andrey Zhuravlev,1
Andrey Zvyagintsev,1
Andrieu Prosper,1
Andrii Balukov,1
Andrii Shevchenko,1
Andris Rūdulis,1
Andriy Krymov,1
Andrey Prodchenko,1
Andrzej Paszko,1
Andrée Duboux,1
Andy Bui,1
Andy Childs,1
Andy Mahon,1
Angel Lisiaga,1
Angela Martinez,1
Andrey Prokopenko,1
Andrey Poroshin,1
Anderson Alcantara,1
Andrei Poddubniak,1
Andre Zviagintsev,1
Andrea Kubínová,1
Andrea Lange,1
Andrea Page,1
Andreas Klein,1
Andreas Nilsson #1,1
Andreas Petrenz,1
Andres Ramos,1
Andrey Pankov,1
Andrew Hollenbeck,1
Andrew Ivanets,1
Andrey Ageev,1
Andrey Drachev,1
Andrey Galayda,1
Andrey Kim,1
Andrey Kostenko,1
Alexey Sidorov,1
Alexey Serebyakov,1
Alexey Semenov,1
Aleksandr Kuzubov,1
Albert Mombert,1
Albina Yussupova,1
Aldagi Sicoli,1
Alejandro Rodríguez Acuña,1
Aleksand Kluschev,1
Aleksander Deltsov,1
Aleksandr Kapturov,1
Aleksandr Ognevoy,1
Alan Tepper,1
Aleksandr Sykmenyov,1
Aleksandr Zolov,1
Aleksandra Osina,1
Aleksandra Otchenashko,1
Aleksey Baluev,1
Aleksey Hrenkov,1
Aleksey Pankov,1
Alayna Easterly,1
Alain Penlae,1
Aleksey Smolkin,1
Aibol Kurmanov,1
Adam Jasiński,1
Adam Mamola,1
Adlan Temirsultanov,1
Adolf Ditschmann,1
Adriaan Fabrie,1
Adriana Cuta,1
Adrianna Losik,1
Aiko Ishibashi,1
Alain Cuvelier,1
Aimar Kuusnömm,1
Aino Autio,1
Akbar Rashedipour,1
Akihiro Nakane,1
Akihiro Watanabe,1
Alain Baudot,1
Alain Boussery,1
Aleksey Rikhter,1
Aleksey Zvarykin,1
Alexey Samsonov,1
Alexey Bakhirev,1
Alexandr Posheluk,1
Alexandra Guðlaugsdóttir,1
Alexandra Pinzhenina,1
Alexandra Suntsova,1
Alexandre Govorin,1
Alexandre Kulikov,1
Alexandru Cataramba,1
Alexey Butov,1
Alexander Veselov,1
Alexey Ermilov,1
Alexey Ernandes-Ortega,1
Alexey Kharausov,1
Alexey Kudryavtsev,1
Alexey Kuleshov,1
Alexey Kuzmin,1
Alexey Nemtsev,1
Alexander Voigt,1
Alexander Sidorychev,1
Alena Maňáková,1
Alexander Ausby,1
Alesia Sarancha,1
Alex Lee,1
Alex Maximushkin,1
Alex Stoll,1
Alexa Gorokhovsky,1
Alexa Maximushkin,1
Alexand Posheliuk,1
Alexander Havlik,1
Alexander Sabelfeld,1
Alexander Kapturov,1
Alexander Koblov,1
Alexander Koval,1
Alexander Lekomtsev,1
Alexander Maximov,1
Alexander Nilsson,1
Alexander Ringvold Vidar,1
Angela Simons,1
Angelica Brage,1
Angelika Moser,1
Bill You,1
Bill Clayton,1
Bill Collins,1
Bill Lindsey,1
Bill Scully,1
Bill Seno,1
Bill Stevens,1
Bill Wahl,1
Binglei Zhou,1
Bidika Purna Chandra,1
Birger Sundstøl,1
Birgitte Kielsen,1
Bjørn Oyangen,1
Blank Herrmann,1
Blazej Szefka,1
Bob Cross,1
Bob Eucker,1
Bill Bradford,1
Bernie McGurk,1
Bob Ross,1
Bartlomiej Tuszynski,1
Barbara Crocker,1
Barbara Leine,1
Barbara Meyer,1
Barbara Peti,1
Barbara Radwin-Garmon,1
Barbara Sieps,1
Barron Henderson,1
Becky Cook,1
Bernd Basse,1
Ben Brent,1
Bent Hansen,1
Bente Arntsen,1
Bernadet Andreani,1
Bernadett Plouviez,1
Bernadette Andreani,1
Bernard Vachon,1
Bob McKee,1
Bogdan Grinevych,1
Baasandamba Jadamba,1
Caitlin Miller,1
Bruce Park,1
Bruno Lespoix,1
Bryce Lewis,1
Buddy Rogers,1
Buddy Savich,1
Béla Bolgárfalvi,1
C. Ito,1
Caitlyn Buck,1
Brigot Pugh,1
Caleb Voice,1
Callum Crozier,1
Cameron St Amand,1
Carl J. Nordberg,1
Carla Alvarado,1
Carley Miller,1
Carlos Lewis,1
Bruce Barry,1
Brigitte Landon,1
Bogdan Grynevych,1
Brandi Decker,1
Boguslaw Waszczuk,1
Bohdan Kostov,1
Bohumil Váňa,1
Boris Zherebtsov,1
Bozena Lek,1
Bradley May,1
Brady Becker,1
Brandon Fiebiger,1
Brian Reynolds,1
Brandon Mose,1
Brandon Summers,1
Brendon Rohan,1
Brian Bell,1
Brian Blum,1
Brian Callahan,1
Brian Froggatt,1
Babette Meister,1
B.V. Goud,1
Angelina Battige,1
Anton Biruk,1
Annette Bohach,1
Annette Rehoff,1
Antara Jackson,1
Antero Köykkä,1
Anthony Fratto,1
Antoine Couvreur,1
Antoinette Kriel,1
Anton Vykhtar,1
Anne Sigrid Stiklestad,1
Anton Yatskov,1
Antonietta Orsini,1
Antonin Kalinski,1
Antonina Kniazieva,1
Antonina Marochko,1
Antonio E. Taguibao,1
Antons Putnis,1
Annemarie Kemmerer,1
Anne Mort,1
Antti Ahonen,1
Anna Dittler,1
Angie Ross,1
Anita Koykka,1
Anitta Joseph,1
Anja Wiezkowiak,1
Ann Turbyne,1
Anna Batiukova,1
Anna Bulgakova,1
Anna Elizarova,1
Anna-Maija Honka,1
Anna James,1
Anna Korytko,1
Anna Orosova,1
Anna Rykun,1
Anna Stenghel,1
Anna Synelnykova,1
Anna Zamorina,1
Antonín Aulický,1
Antti Savolainen,1
B. Harper,1
Audria Butler,1
Ashley Mitchell,1
Ashton Rouska,1
Asko Sirviö,1
Aslan Agaev,1
Atle Edvardsen,1
Attila Siklosi,1
Audrey Mingot,1
Austin Perkins,1
Ashiga Arumugam,1
Ayami Hatadani,1
Aygul Redzhepova,1
Ayla Thurstan,1
Azamat Alymbek Uulu,1
Aziz Farooqi,1
B. Alexander,1
B. Grant,1
Ashley Matherne,1
Asel Nurkenova,1
Anzhela Rodygina,1
Arna Ösp Gunnarsdóttir,1
Aoi Sawayama,1
April Shumaker,1
Ari-Pekka Töllikkö,1
Ariel Bulmash,1
Arkad Bukhtiychuk,1
Arma Liisa Prinkkala,1
Armin Schmitt,1
Arnaud Braun,1
Arval Bridges,1
Aron Friðrik Georgsson,1
Arpad Kolompar,1
Arron Gonzales,1
Artem Litvinenko,1
Artem Panteleev,1
Artyom Korotygin,1
Arun Sondhi,1
Garrett Bailey,1
Gary Edwards,1
Michael Broussard,1
Leonid Kuznetsov,1
Knut Åsvang,1
Koichi Taniguchi,1
Koji Higashisaka,1
Kojo Gyennin,1
Kole Metts,1
Koley Hockeborn,1
Komaldin Amangulov,1
Konio Mea Dobi,1
Konstantin Fairushin,1
Konstantin Lebedko,1
Konstantin Makarov,1
Konstantin Saukov,1
Konstantīn Konstantīnovs,1
Kosicz Czongor,1
Kotomi Hayakawa,1
Kouichi Nakatani,1
Krista Määttä,1
Knut Olav Hulbakviken,1
Klothilde Herrmann,1
Klaus Semskij,1
Kirill Pavlenko,1
Kevin Weiss,1
Khaled Benbachir,1
Khrys Kyriacou,1
Kichizo Wakushima,1
Kimberly Johnson,1
Kimberly Ryman,1
Kine Helene Fossbakk,1
Kirill Sakharov,1
Klaus Landeck,1
Kirsten Olson,1
Kit Price,1
A. Raface,1
Kiyokazu Genda,1
Klaudia Nowak,1
Klaudijus Malevskis,1
Klaus Griesch,1
Kristina Lieonienko,1
Kristina Novikova,1
Kristine Kobza,1
Leanne Jonhson,1
Lars Klev,1
Lars-Gunnar Hedlund,1
Lasrs Flyborg,1
Laszlo Szabo,1
Laura Styrlung,1
Laurence Scott,1
Laurie Greenidge,1
Lee Moran #1,1
Lars Augustsson,1
Lee Rorie,1
Lee-Ann Dalling,1
Lee-Anne Dwarte,1
Leena Jokitalo,1
Leena Jokitalo-Luomakoski,1
Leila Duhem,1
Len Skeen,1
Lars Höglander,1
Larry Traub,1
Kristín Þorsteinsdóttir Sonnentag,1
Lacy Picou,1
Krzysztof Owsiani,1
Krzysztof Wrona,1
Kseniia Materinskaia,1
Kumi Mizoguchi,1
Kunio Watabiki,1
Květoslav Grobař,1
Kyle Harvey,1
Lakshmi Meadows,1
Larry Mintz,1
Lana Allen,1
Landysh Murtazina,1
Lannet Schuler,1
Larisa Ryadnova,1
Larry Kidney,1
Larry Maile,1
Larry McCauley,1
Kevin Schmid,1
Kevin Mccusker,1
Kevin Judson,1
Karen Richardson,1
Kamil Jagiello,1
Kamil Sypka,1
Kamila Lorek,1
Kanaya Takashi,1
Kanazawa Takuya,1
Karen Gajda,1
Karen Hesthammer,1
Karen Thomson,1
Kaitlain Link,1
Kari Mattila,1
Kari Ylijoki,1
Karina Tokmanaeva,1
Karl Christians,1
Karl Francis #1,1
Karl-Heinz Grabosch,1
Karol Wojcik,1
Kamie Bluell,1
Kailey Jones,1
Kastuji Okiura,1
Jérome Guidez,1
Julie Dahle,1
Julius Eilenberger,1
Julius Lim,1
July Hallmond,1
Junto Tsuchiya,1
Justin Duran,1
Ján Beneš,1
Jóhannes Hjálmarsson,1
Kaido Leesmann,1
Józef Gromek,1
Jörg Müller,1
Jøran Langset,1
K. Holte,1
K. Sjölin,1
K. Skybak,1
Kadriya Murtazina,1
Karolína Adamová,1
Katarina Gerjakova,1
Kevin Johnson,1
Kenan Kurayev,1
Kazuya Matsunaga,1
Kazuyoshi Morioka,1
Keith Scisney,1
Kelly Branton,1
Kelvin Aitken,1
Ken Fougere,1
Ken Shepard,1
Kenia Monserate,1
Kazusa Madoba,1
Kenji Sasaki,1
Kenneth Gack,1
Kensuke Suto,1
Kentaro Harada,1
Kenzie Hower,1
Kerstin Pehle,1
Kestutis Siauciunas,1
Kazuto Ota,1
Kazunori Sato,1
Katarina Hennessey,1
Katie Van Dusen,1
Katarina Skirkanicova,1
Kate Dingle-Craig,1
Kateryna Paraskevych,1
Kathy Smith-Jones,1
Katie Cooke,1
Katie Malas,1
Katie Sons,1
Katinka van Baalen,1
Kazumasa Kimura,1
Katja Babič,1
Kato Yuji,1
Katrina Robertson,1
Kayli Alphonso,1
Kazuki Horikawa,1
Kazuko Ishikawa,1
Kazuma Arai,1
Leon Louchard,1
Leonid Nushtaev,1
Gary Ferstler,1
Leonora Catalina Oca,1
Mark Macqueen,1
Mark Winquist,1
Markku Väisänen,1
Marko Kytölä,1
Marko Saarimaa,1
Marks Riekstins,1
Marsha Serre,1
Marshall Messmer,1
Martin Joyce,1
Martin McAdam,1
Martin Raich,1
Martin Simacek,1
Martina Rummel,1
Martina Schmale,1
Marty Gallagher,1
Maruru Terahara,1
Maruska Bertoli,1
Mark Giffin,1
Mark Dimiduk,1
Mark Cullimore,1
Marina Kainleinsberger,1
Marie-Françoise Guinard,1
Marie-Line Glaris,1
Mariella Fisher,1
Mariia Burova,1
Mariia Polianska,1
Marin Tchuschtina,1
Marina Burik,1
Marina Michailova,1
Mark Cucinella,1
Marina Poduzova,1
Marion Dietrich,1
Marisa Inda,1
Marius Vermeulen,1
Mariusz Zgoda,1
Mariya Gulidova,1
Mariya Ilinska,1
Marvin Huber,1
Mary Giffin,1
Maryse Suire,1
Megan Leighton,1
Maxim Babikov,1
Maxim Chupakhin,1
Maxim Gurianov,1
Maxim Korolev,1
Maxim Makariev,1
Maxim Nikitin,1
Maxim Norutdinov,1
Megan-Li Smith,1
Maurice O'Connor,1
Megumi Tokutake,1
Melinda Lombosi,1
Melisa Heinonen,1
Melissa Mitchell,1
Merlina Medina,1
Michae Vereshagin,1
Michael Berrian,1
Max Bergbauer,1
Maurice Cuvelier,1
María Luisa Vásquez,1
Matias Kulmala,1
Masahiko Kasai,1
Masako Nishimura,1
Masaomi Tsuchida,1
Masaru Kawaga,1
Mason Cabney,1
Matej Priscak,1
Matej Skycak,1
Matiss Peca,1
Matti Tanskanen,1
Matthew Jones,1
Matthew Longoria,1
Matthew Mackey,1
Matthew Rosensweet,1
Matthias Fröhlich,1
Matti Haaksiala,1
Matti Puska,1
Marie-France Vassart,1
Marie-France Baron,1
Marie Thérèse Jallais,1
Luke Richardson #1,1
Lucienne Dumas,1
Ludmil Yedukonene,1
Ludmila Stepinina,1
Ludmila Stepynina,1
Ludmilla Osmanova,1
Ludmyla Starova,1
Luke Haarsma,1
Lung-Hsin Huang,1
Luboš Maršík,1
Lutz Gayek,1
Lynn Poetzel,1
Lynne Renshaw,1
László Kupcsik,1
M. Daigle,1
M. Lawson,1
M. Matsuo,1
Lucica Olah,1
Lubova Belova,1
Maciej Bancer,1
Linda Miller,1
Leopold Krendl,1
Lezaan Jordaan,1
Li-Ching Huang,1
Liliana Ferre,1
Lilla Kiss,1
Lilliana Poisso,1
Linda Kaminski,1
Linda Rousseau,1
Louise Richardson,1
Lisa Randazzo,1
Liudmila Isak,1
Ljubova Belova,1
Lopes Valdecir,1
Lothar Koehl,1
Lou Capozzi,1
Louise Jontton,1
Maamchuluun Tseveendorj,1
Magdalena Bialek,1
Marie Cherbonnel,1
Margarit Kosareva,1
Manuel Virgilio,1
Manuela Stucchi,1
Marc Giles,1
Marc Vergnes-Blanquer,1
Marcel Nivault,1
Marcel St. Laurent,1
Marcel Vorster,1
Margus Silbaum,1
Manabu Ogata,1
Maria Chushchina,1
Maria Htee,1
Maria Kostagriz,1
Maria Kudinova,1
Maria Pares,1
Maria Revva,1
Mariah Hamm,1
Manuel Calderini,1
Mami Komatsu,1
Magdalena Zarzycka,1
Maki Wada,1
Maggie Sandoval,1
Magnus Önerud,1
Magome Toru,1
Magomed Sautiev,1
Mailebis Oquendo,1
Majik Jones,1
Majken Hansen,1
Maksim Beloborodov,1
Malwina Madejewska,1
Maksim Nahela,1
Maksym Potomkin,1
Malcolm Bainbridge,1
Maliek Derstine,1
Malone Horn,1
Malou Thill,1
Malwina Ciesielkska,1
Julia Schilskaja,1
Julia Loya,1
Julia Fabrizi,1
Jukka Parkkonen,1
I. Sebastian,1
I. Tanasi,1
I. Taskinen,1
Ian Douglas,1
Ian Kinghorn,1
Ian Wadley,1
Iana Pokazaneva,1
Ichiro Nakamoto,1
Ida Lis,1
Ida Rönn,1
Idelfonso Pardo,1
Ignat Belausov,1
Igor Shitko,1
Igor Smetanskyy,1
Igor Trifonov,1
Ihar Yuzapchuk,1
Ildiko Baranyai,1
I-Ching Hsieh,1
Håkan Persson,1
Hunter Veach,1
Hsiu-Ju Cheng,1
Horst Echtner,1
Hsiao-Li Hsiu,1
Hsien-Chi Huang,1
Hsin-Yi Chou,1
Hsing-Yang Cheng,1
Hsiu-Chiung Augustina,1
Hsiu-Chiung Chen,1
Hubert Dudziak,1
Hui-Tang Weng,1
Hubert Klak,1
Hugh McGhee,1
Hugo v.d. Brand,1
Hugo van der Brand,1
Hugo van der Brandt,1
Hui-Chen Chou,1
Hui-Chun Wu,1
Ilia Marichev,1
Ilya Borodkin,1
Ilya Khariton,1
Isaac Nunez,1
Irina Orekhova,1
Irina Poletayeva,1
Irina Primakova,1
Irkin Iminov,1
Irma Ruler,1
Iryna Trubilina,1
Isaac Maldonado,1
Isabel Figueroa,1
Irina Naskripyak,1
Isabelle Illiev,1
Ishimoto Naoki,1
Islam Karabaev,1
Istvan Nanasi,1
Ito Eigo,1
Itoh Ajia,1
Itoh Satomi,1
Irina Nikitina,1
Irina Khasanova,1
Ilya Marichev,1
Ingunn Haakonsen,1
Ilya Mishin,1
Ilya Orel,1
Ina Koolhaas,1
Ina Koolhaas-Revers,1
Inao Nakamura,1
Ingjerd Pytte,1
Ingrid Grill,1
Inn Smirnova,1
Irina Gumena,1
Inna Orobets,1
Innès Allouache,1
Iosif Plagov,1
Irena King,1
Irene Frangi,1
Irene King,1
Irina Dergunova,1
Horst Diter,1
Hitoshi Shibata,1
Hiroshi Shimizu,1
Gloria Fitzpatrick,1
Gernot Kasparek,1
Ghislaine Debacker,1
Gilbert Arriaga,1
Gina Stepleton,1
Ginger Lord,1
Glenda Presutti,1
Glenn Stevens,1
Gordon Langfield,1
Gerhard Leierzopf,1
Graham,1
Greg Garrett,1
Greg Jones,1
Gregory Jones,1
Gretchen Herrmann,1
Grzegorz Jazowiecki,1
Grzegorz Szklarz,1
Gerhardus Oosthuizen,1
Gerhard Baumeister,1
Gulchekhra Toikhanova,1
Gennadiy Chetin,1
Gary Hunnicutt,1
Gary Simes,1
Gayla Crain,1
Geir Gregersen,1
Gema Cristobal,1
Genady Dedulia,1
Gennadi Sayapin,1
Gennadiy Pitaev,1
Gerard du Prie,1
Georg Haug,1
George Richards,1
Georges Faure,1
Georgii Rykov,1
Georgijs Agadzhanjans,1
Georgy Funtikov,1
Gerard Snyder,1
Guillemette Baudron,1
Gumendra Shewdas,1
Hiroshi Miura,1
Helmut Reimann,1
Harry Heyman,1
Harry van der Brand,1
Haruka Kani,1
Hassan El Belghiti,1
Heather Heath,1
Helen Richardson,1
Helene Fallermo,1
Henk Keizer,1
Harri Hagfors,1
Henrik Fransson,1
Henrik Rilke,1
Henry Chay,1
Henryk Szymanski,1
Hildegard Kasper,1
Hiromi Yamada,1
Hironori Niwa,1
Harrij van der Brand,1
Hari Singh Cheema,1
Gurpreet Singh,1
Günter Schwarz,1
Guy Ceselvio,1
Guy Laurent,1
Guðfinnur Snær Magnússon,1
Guðni Sigurjónsson,1
Gyula Tarsoly,1
Göran Malmberg,1
Günter Lüdecke,1
Günthe Wittkowski,1
Hardeep Singh,1
H. Holley,1
Hamza Anwar,1
Hanna Honchar,1
Hanna Seppä,1
Hannu Saarelainen,1
Hans Gunnarsson,1
Hans-Joachim Thuerk,1
Iurii Nepovinnykh,1
Ivan Goriachev,1
Ivan Goryachev,1
John Brailey,1
Johanna Kankus,1
Johannah Theisen,1
Johannes Steyn,1
John Bertocki,1
John Biddulph,1
John Blackmon,1
John Bojazi,1
John Earlam,1
Johan Wikberg,1
John Fraser,1
John Giffen Jr,1
John Haack,1
John Jenkins,1
John McNiven,1
John Mitchell,1
John Moore,1
Johann Mandlmeier,1
Johan Westerberg,1
John Pineda,1
Joan Fruth,1
Jim Grudzien,1
Jim Jong,1
Jim Peques,1
Jiří Horník,1
Jo Whiteley,1
Joachim Lindseth,1
Joakim Lakso,1
Joan Schmidt,1
Joel Sundelin,1
Joanna Rieber,1
Joanne Craig,1
Joanne Millerman,1
Joe Bradley,1
Joe Dalton,1
Joe DeMatteo,1
Joel Hintz,1
John Myers,1
John Ruitenbeck,1
Jie-Wen Chen,1
Ju Chou Yi,1
Josefine Thunmarker,1
Joseph Amendola,1
Joseph Rhodes,1
Josh Hancott,1
Joshua Peardot,1
José Mencias,1
Jozsef Kapor,1
Judith Averbach,1
Josef Mička,1
Judy Gedney,1
Juha Koivisto,1
Juhani Järvinen,1
Juhani Äiiö,1
Juji Otani,1
Jukka Kenttälä,1
Jukka Lahikainen,1
Josef Page,1
Jose Russo,1
John S. Christensen,1
Jonathon Krogman,1
John Welch #1,1
Johnathan Gonzales,1
Johnny Taylor,1
Jokubas Stasiulis,1
Jon Gruden,1
Jon Krogman,1
Jonas Telégin,1
Jonny Wall,1
Jose Potter,1
Jordan Plantiko,1
Jorge Gambeta,1
Jori Ramstedt,1
Joris Quai,1
Jorma Laaksonen,1
Jos Verhagen,1
Jose Ocasio,1
Jill Darling,1
Jezza Uepa,1
Ivan Kulikovskiy,1
James Kavarnos,1
Jakub Jedrzejewski,1
Jakub Lenart,1
Jakub Smejkal,1
Jalmari Tiusanen,1
James Bourisaw,1
James Cloe,1
James Cope,1
James Mick,1
Jagannou Dutta,1
James Miller #4,1
James Moller,1
James Rouse,1
James Yeats,1
Jamey Grotjahn,1
Jamie Barr,1
Jamie McDougal,1
Jake Navarra,1
Jaden Burgess-Eisch,1
Jan Germanus,1
J. Lindblad,1
Ivan Podrez,1
Ivan Veselý,1
Ivana Horná,1
Ivelin Petrov,1
J. Adams,1
J. Billuph,1
J. Bunn,1
J. Wright,1
Jacqui Sandu,1
JD Carr,1
Jack Johansson,1
Jack Wolff,1
Jackie Buckley-Gray,1
Jackson Spencer,1
Jacob Carrasco-Gonzales,1
Jacob Hansen,1
Jan Bast,1
Jan Joskowski,1
Jewgenij Kondraschow,1
Jennifer Robertson,1
Jeff Douglas #1,1
Jeff Hughes,1
Jeffrey Phillips,1
Jeffrey Snyder,1
Jenessa Ward,1
Jenna Farek,1
Jennifer Reid,1
Jennifer Weyland,1
Jean-Pierre Brulois,1
Jeremy Auerbach,1
Jeremy Scruggs,1
Jerry Shetka,1
Jessica O'Donnell,1
Jessica Watkins,1
Jessie Betzinger,1
Jevgēņijs Vorobjovs,1
Jeanette Rumeaux,1
Jean-Max Riviere,1
Jan Lindén,1
Janne Toivanen,1
Jan Mihail,1
Jan-Roger Johansen,1
Jan-Tore Bredalen,1
Janel Brown,1
Janice Shulman,1
Janne Kuuseva,1
Janne Toivanan,1
Jannelle Woolridge,1
Jean-Louis Dumoulin,1
Jari Airio,1
Jari Martikainen,1
Jarmo Myller,1
Jarmo Ranta,1
Jarmo Sohlman,1
Jaroslav Halač,1
Jason Johnson,1
Štěpánka Židová,1
